"Aglianico, Italian Red, Basilicata, Southern Italy, Italy"
"Aglianico, Italian Red, Campania, Southern Italy, Italy"
"Alsace white blend, White Blend, Alsace, France"
"Arneis, Italian White, Piedmont, Northwest Italy, Italy"
"Austrian Red Blend, Red Blends, Burgenland, Austria"
"Austrian white blend, White Blend, Burgenland, Austria"
"Austrian white blend, White Blend, Niederosterreich, Austria"
"Bordeaux-style Red Blend, Bourg & Blaye, Bordeaux, France"
"Bordeaux-style Red Blend, Coastal Region, South Africa"
"Bordeaux-style Red Blend, Colchagua Valley, Central Valley, Chile"
"Bordeaux-style Red Blend, Columbia Valley, Washington, USA"
"Bordeaux-style Red Blend, Entre-Deux-Mers, Bordeaux"
"Bordeaux-style Red Blend, Finger Lakes, New York, USA"
"Bordeaux-style Red Blend, Galilee, Israel"
"Bordeaux-style Red Blend, Graves, Bordeaux, France"
"Bordeaux-style Red Blend, Hawkes Bay, New Zealand"
"Bordeaux-style Red Blend, Judea, Israel"
"Bordeaux-style Red Blend, Libournais, Bordeaux, France"
"Bordeaux-style Red Blend, Long Island, New York, USA"
"Bordeaux-style Red Blend, Maipo Valley, Central Valley, Chile"
"Bordeaux-style Red Blend, Medoc, Bordeaux, France"
"Bordeaux-style Red Blend, Mendoza, Argentina"
"Bordeaux-style Red Blend, Napa Valley, North Coast, California, USA"
"Bordeaux-style Red Blend, Paso Robles, Central Coast, California, USA"
"Bordeaux-style Red Blend, San Francisco Bay, Central Coast, California, USA"
"Bordeaux-style Red Blend, Santa Barbara, Central Coast, California, USA"
"Bordeaux-style Red Blend, Sauternais, Bordeaux, France"
"Bordeaux-style Red Blend, Sonoma Valley, North Coast, California, USA"
"Bordeaux-style Red Blend, South Australia, Australia"
"Bordeaux-style Red Blend, Southwest France, France"
"Bordeaux-style Red Blend, Virginia, USA"
"Bordeaux-style Red Blend, Western Australia, Australia"
"Bordeaux-style White Blend, White Blend, Bourg & Blaye, Bordeaux, France"
"Bordeaux-style White Blend, White Blend, Columbia Valley, Washington, USA"
"Bordeaux-style White Blend, White Blend, Entre-Deux-Mers, Bordeaux"
"Bordeaux-style White Blend, White Blend, Graves, Bordeaux, France"
"Bordeaux-style White Blend, White Blend, Sauternais, Bordeaux, France"
"Bordeaux-style White Blend, White Blend, Southwest France, France"
"Cabernet Franc, Anjou-Saumar, Loire Valley, France"
"Cabernet Franc, Columbia Valley, Washington, USA"
"Cabernet Franc, Finger Lakes, New York, USA"
"Cabernet Franc, Long Island, New York, USA"
"Cabernet Franc, Mendoza, Argentina"
"Cabernet Franc, Napa Valley, North Coast, California, USA"
"Cabernet Franc, San Francisco Bay, Central Coast, California, USA"
"Cabernet Franc, Sierra Foothills, California, USA"
"Cabernet Franc, Sonoma Valley, North Coast, California, USA"
"Cabernet Franc, Southern Oregon, Oregon, USA"
"Cabernet Franc, Touraine, Loire Valley, France"
"Cabernet Franc, Virginia, USA"
"Cabernet Sauvignon, Aconcagua Valley, Aconcagua Region, Chile"
"Cabernet Sauvignon, Cachapoal Valley, Central Valley, Chile"
"Cabernet Sauvignon, Catalunya, Northeast Spain, Spain"
"Cabernet Sauvignon, Clear Lake, North Coast, California"
"Cabernet Sauvignon, Coastal Region, South Africa"
"Cabernet Sauvignon, Colchagua Valley, Central Valley, Chile"
"Cabernet Sauvignon, Columbia Valley, Oregon, USA"
"Cabernet Sauvignon, Columbia Valley, Washington, USA"
"Cabernet Sauvignon, Curico Valley, Central Valley, Chile"
"Cabernet Sauvignon, Finger Lakes, New York, USA"
"Cabernet Sauvignon, Galilee, Israel"
"Cabernet Sauvignon, Inland Valleys, California, USA"
"Cabernet Sauvignon, Judea, Israel"
"Cabernet Sauvignon, Long Island, New York, USA"
"Cabernet Sauvignon, Maipo Valley, Central Valley, Chile"
"Cabernet Sauvignon, Maule Valley, Central Valley, Chile"
"Cabernet Sauvignon, Mendocino, North Coast, California, USA"
"Cabernet Sauvignon, Mendoza, Argentina"
"Cabernet Sauvignon, Napa Valley, North Coast, California, USA"
"Cabernet Sauvignon, Paso Robles, Central Coast, California, USA"
"Cabernet Sauvignon, Rapel Valley, Central Valley, Chile"
"Cabernet Sauvignon, Salta, Argentina"
"Cabernet Sauvignon, San Francisco Bay, Central Coast, California, USA"
"Cabernet Sauvignon, Santa Barbara, Central Coast, California, USA"
"Cabernet Sauvignon, Sierra Foothills, California, USA"
"Cabernet Sauvignon, Sonoma Valley, North Coast, California, USA"
"Cabernet Sauvignon, South Australia, Australia"
"Cabernet Sauvignon, South Coast, California, USA"
"Cabernet Sauvignon, Southern Oregon, Oregon, USA"
"Cabernet Sauvignon, Tuscany, Central Italy, Italy"
"Cabernet Sauvignon, Western Australia, Australia"
"Cabernet Sauvignon-Malbec, Bordeaux-style Red Blend, Mendoza, Argentina"
"Cabernet Sauvignon-Syrah, Red Blends, Columbia Valley, Washington, USA"
"Cannonau, Grenache, Sardinia, Southern Italy, Italy"
"Chardonnay, Auckland, New Zealand"
"Chardonnay, Beaujolais, France"
"Chardonnay, Breede River Valley"
"Chardonnay, British Columbia, Canada"
"Chardonnay, Burgenland, Austria"
"Chardonnay, Cape South Coast, South Africa"
"Chardonnay, Casablanca Valley, Aconcagua Region, Chile"
"Chardonnay, Catalunya, Northeast Spain, Spain"
"Chardonnay, Chablis, Burgundy, France"
"Chardonnay, Champagne, France"
"Chardonnay, Clear Lake, North Coast, California"
"Chardonnay, Coastal Region, South Africa"
"Chardonnay, Colchagua Valley, Central Valley, Chile"
"Chardonnay, Columbia Valley, Washington, USA"
"Chardonnay, Cote Chalonnaise, Burgundy, France"
"Chardonnay, Cote de Beaune, Burgundy, France"
"Chardonnay, Cote de Nuits, Burgundy, France"
"Chardonnay, Curico Valley, Central Valley, Chile"
"Chardonnay, Finger Lakes, New York, USA"
"Chardonnay, Friuli-Venezia Giulia, Northeast Italy, Italy"
"Chardonnay, Galilee, Israel"
"Chardonnay, Gisborne, New Zealand"
"Chardonnay, Hawkes Bay, New Zealand"
"Chardonnay, Inland Valleys, California, USA"
"Chardonnay, Jura, Burgundy, France"
"Chardonnay, Limari Valley, Coquimbo Region, Chile"
"Chardonnay, Lombardy, Northwest Italy, Italy"
"Chardonnay, Long Island, New York, USA"
"Chardonnay, Maconnais, Burgundy, France"
"Chardonnay, Maipo Valley, Central Valley, Chile"
"Chardonnay, Marlborough, New Zealand"
"Chardonnay, Maule Valley, Central Valley, Chile"
"Chardonnay, Mendocino, North Coast, California, USA"
"Chardonnay, Mendoza, Argentina"
"Chardonnay, Monterey, Central Coast, California, USA"
"Chardonnay, Napa Valley, North Coast, California, USA"
"Chardonnay, Napa-Sonoma, North Coast, California, USA"
"Chardonnay, Navarra, Northeast Spain, Spain"
"Chardonnay, New South Wales, Australia"
"Chardonnay, Paso Robles, Central Coast, California, USA"
"Chardonnay, San Antonio, Aconcagua Region, Chile"
"Chardonnay, San Francisco Bay, Central Coast, California, USA"
"Chardonnay, San Luis Obispo, Central Coast, California, USA"
"Chardonnay, Santa Barbara, Central Coast, California, USA"
"Chardonnay, Sicily, Southern Italy, Italy"
"Chardonnay, Sonoma Valley, North Coast, California, USA"
"Chardonnay, South Australia, Australia"
"Chardonnay, Southern Oregon, Oregon, USA"
"Chardonnay, Trento, Northeast Italy, Italy"
"Chardonnay, Victoria, Australia"
"Chardonnay, Virginia, USA"
"Chardonnay, Western Australia, Australia"
"Chardonnay, Willamette Valley, Oregon, USA"
"Dolcetto, Italian Red, Piedmont, Northwest Italy, Italy"
"Durella, Italian White, Veneto, Northeast Italy, Italy"
"Falanghina, Italian White, Campania, Southern Italy, Italy"
"Fiano, Italian White, Campania, Southern Italy, Italy"
"Frappato, Italian Red, Sicily, Southern Italy, Italy"
"Friulano, Italian White, Friuli-Venezia Giulia, Northeast Italy, Italy"
"Gamay, Beaujolais, France"
"Garganega, Italian White, Veneto, Northeast Italy, Italy"
"Glera, Italian White, Veneto, Northeast Italy, Italy"
"Greco, Italian White, Campania, Southern Italy, Italy"
"Grenache, Aragon, Northeast Spain, Spain"
"Grenache, Castilla-La Mancha, Central Spain, Spain"
"Grenache, Catalunya, Northeast Spain, Spain"
"Grenache, Columbia Valley, Washington, USA"
"Grenache, La Rioja, Northeast Spain, Spain"
"Grenache, Navarra, Northeast Spain, Spain"
"Grenache, Paso Robles, Central Coast, California, USA"
"Grenache, Santa Barbara, Central Coast, California, USA"
"Grenache, Sierra Foothills, California, USA"
"Grenache, Sonoma Valley, North Coast, California, USA"
"Grenache, South Australia, Australia"
"Grenache, Southern Oregon, Oregon, USA"
"Grenache, Southern Rhone, Rhone Valley, France"
"Grillo, Italian White, Sicily, Southern Italy, Italy"
"Gros and Petit Manseng, White Blend, Southwest France, France"
"Gruner Veltliner, Burgenland, Austria"
"Gruner Veltliner, Finger Lakes, New York, USA"
"Gruner Veltliner, Niederosterreich, Austria"
"Gruner Veltliner, Vienna, Austria"
"Lagrein, Italian Red, Alto Adige, Northeast Italy, Italy"
"Malbec, Colchagua Valley, Central Valley, Chile"
"Malbec, Columbia Valley, Washington, USA"
"Malbec, Mendoza, Argentina"
"Malbec, Napa Valley, North Coast, California, USA"
"Malbec, Patagonia, Argentina"
"Malbec, Salta, Argentina"
"Malbec, San Juan, Argentina"
"Malbec, Sonoma Valley, North Coast, California, USA"
"Malbec, Southern Oregon, Oregon, USA"
"Malbec, Southwest France, France"
"Merlot, Cachapoal Valley, Central Valley, Chile"
"Merlot, Coastal Region, South Africa"
"Merlot, Colchagua Valley, Central Valley, Chile"
"Merlot, Columbia Valley, Washington, USA"
"Merlot, Curico Valley, Central Valley, Chile"
"Merlot, Finger Lakes, New York, USA"
"Merlot, Galilee, Israel"
"Merlot, Hawkes Bay, New Zealand"
"Merlot, Inland Valleys, California, USA"
"Merlot, Libournais, Bordeaux, France"
"Merlot, Long Island, New York, USA"
"Merlot, Maipo Valley, Central Valley, Chile"
"Merlot, Maule Valley, Central Valley, Chile"
"Merlot, Mendocino, North Coast, California, USA"
"Merlot, Mendoza, Argentina"
"Merlot, Napa Valley, North Coast, California, USA"
"Merlot, Paso Robles, Central Coast, California, USA"
"Merlot, Rapel Valley, Central Valley, Chile"
"Merlot, San Francisco Bay, Central Coast, California, USA"
"Merlot, Santa Barbara, Central Coast, California, USA"
"Merlot, Sonoma Valley, North Coast, California, USA"
"Merlot, Southern Oregon, Oregon, USA"
"Merlot, Tuscany, Central Italy, Italy"
"Montepulciano, Italian Red, Abruzzo, Central Italy, Italy"
"Nebbiolo, Lombardy, Northwest Italy, Italy"
"Nebbiolo, Piedmont, Northwest Italy, Italy"
"Negroamaro, Italian Red, Puglia, Southern Italy, Italy"
"Nerello Mascalese, Italian Red, Sicily, Southern Italy, Italy"
"Nero dAvola, Italian Red, Sicily, Southern Italy, Italy"
"Petite Sirah, Clear Lake, North Coast, California"
"Petite Sirah, Columbia Valley, Washington, USA"
"Petite Sirah, Inland Valleys, California, USA"
"Petite Sirah, Mendocino, North Coast, California, USA"
"Petite Sirah, Napa Valley, North Coast, California, USA"
"Petite Sirah, Paso Robles, Central Coast, California, USA"
"Petite Sirah, San Francisco Bay, Central Coast, California, USA"
"Petite Sirah, Sierra Foothills, California, USA"
"Petite Sirah, Sonoma Valley, North Coast, California, USA"
"Pinot Grigio, Alsace, France"
"Pinot Grigio, Alto Adige, Northeast Italy, Italy"
"Pinot Grigio, Central Otago, New Zealand"
"Pinot Grigio, Columbia Valley, Washington, USA"
"Pinot Grigio, Finger Lakes, New York, USA"
"Pinot Grigio, Friuli-Venezia Giulia, Northeast Italy, Italy"
"Pinot Grigio, Marlborough, New Zealand"
"Pinot Grigio, Mendocino, North Coast, California, USA"
"Pinot Grigio, Mendoza, Argentina"
"Pinot Grigio, Sonoma Valley, North Coast, California, USA"
"Pinot Grigio, Southern Oregon, Oregon, USA"
"Pinot Grigio, Trento, Northeast Italy, Italy"
"Pinot Grigio, Veneto, Northeast Italy, Italy"
"Pinot Grigio, Willamette Valley, Oregon, USA"
"Pinot Noir, Alsace, France"
"Pinot Noir, Alto Adige, Northeast Italy, Italy"
"Pinot Noir, Bio-Bio Valley, South Region, Chile"
"Pinot Noir, Burgenland, Austria"
"Pinot Noir, Canterbury and Waipara, New Zealand"
"Pinot Noir, Cape South Coast, South Africa"
"Pinot Noir, Casablanca Valley, Aconcagua Region, Chile"
"Pinot Noir, Central Otago, New Zealand"
"Pinot Noir, Centre, Loire Valley, France"
"Pinot Noir, Champagne, France"
"Pinot Noir, Columbia Valley, Oregon, USA"
"Pinot Noir, Columbia Valley, Washington, USA"
"Pinot Noir, Cote Chalonnaise, Burgundy, France"
"Pinot Noir, Cote de Beaune, Burgundy, France"
"Pinot Noir, Cote de Nuits, Burgundy, France"
"Pinot Noir, Finger Lakes, New York, USA"
"Pinot Noir, Lombardy, Northwest Italy, Italy"
"Pinot Noir, Marlborough, New Zealand"
"Pinot Noir, Maule Valley, Central Valley, Chile"
"Pinot Noir, Mendocino, North Coast, California, USA"
"Pinot Noir, Mendoza, Argentina"
"Pinot Noir, Monterey, Central Coast, California, USA"
"Pinot Noir, Napa Valley, North Coast, California, USA"
"Pinot Noir, Napa-Sonoma, North Coast, California, USA"
"Pinot Noir, Nelson, New Zealand"
"Pinot Noir, Niederosterreich, Austria"
"Pinot Noir, Patagonia, Argentina"
"Pinot Noir, San Antonio, Aconcagua Region, Chile"
"Pinot Noir, San Benito, Central Coast, California, USA"
"Pinot Noir, San Francisco Bay, Central Coast, California, USA"
"Pinot Noir, San Luis Obispo, Central Coast, California, USA"
"Pinot Noir, Santa Barbara, Central Coast, California, USA"
"Pinot Noir, Sonoma Valley, North Coast, California, USA"
"Pinot Noir, South Australia, Australia"
"Pinot Noir, Southern Oregon, Oregon, USA"
"Pinot Noir, Tasmania, Australia"
"Pinot Noir, Victoria, Australia"
"Pinot Noir, Wairarapa, New Zealand"
"Pinot Noir, Willamette Valley, Oregon, USA"
"Provence red blend, Red Blends, Provence, France"
"Red Blends, Red Blends, Alentejo, Portugal"
"Red Blends, Red Blends, Aragon, Northeast Spain, Spain"
"Red Blends, Red Blends, Burgenland, Austria"
"Red Blends, Red Blends, Cachapoal Valley, Central Valley, Chile"
"Red Blends, Red Blends, Campania, Southern Italy, Italy"
"Red Blends, Red Blends, Castilla and Leon, Northwest Spain, Spain"
"Red Blends, Red Blends, Castilla-La Mancha, Central Spain, Spain"
"Red Blends, Red Blends, Catalunya, Northeast Spain, Spain"
"Red Blends, Red Blends, Clear Lake, North Coast, California"
"Red Blends, Red Blends, Coastal Region, South Africa"
"Red Blends, Red Blends, Colchagua Valley, Central Valley, Chile"
"Red Blends, Red Blends, Columbia Valley, Oregon, USA"
"Red Blends, Red Blends, Columbia Valley, Washington, USA"
"Red Blends, Red Blends, Coteaux de Languedoc, Languedoc-Roussillon, France"
"Red Blends, Red Blends, Douro Valley, Portugal"
"Red Blends, Red Blends, Galilee, Israel"
"Red Blends, Red Blends, Inland Valleys, California, USA"
"Red Blends, Red Blends, Judea, Israel"
"Red Blends, Red Blends, La Rioja, Northeast Spain, Spain"
"Red Blends, Red Blends, Le Marche, Central Italy, Italy"
"Red Blends, Red Blends, Long Island, New York, USA"
"Red Blends, Red Blends, Macedonia, Greece"
"Red Blends, Red Blends, Maipo Valley, Central Valley, Chile"
"Red Blends, Red Blends, Maule Valley, Central Valley, Chile"
"Red Blends, Red Blends, Mendocino, North Coast, California, USA"
"Red Blends, Red Blends, Mendoza, Argentina"
"Red Blends, Red Blends, Murcia, Northeast Spain, Spain"
"Red Blends, Red Blends, Napa Valley, North Coast, California, USA"
"Red Blends, Red Blends, Navarra, Northeast Spain, Spain"
"Red Blends, Red Blends, Niederosterreich, Austria"
"Red Blends, Red Blends, Paso Robles, Central Coast, California, USA"
"Red Blends, Red Blends, Piedmont, Northwest Italy, Italy"
"Red Blends, Red Blends, Provence, France"
"Red Blends, Red Blends, Puglia, Southern Italy, Italy"
"Red Blends, Red Blends, San Francisco Bay, Central Coast, California, USA"
"Red Blends, Red Blends, Santa Barbara, Central Coast, California, USA"
"Red Blends, Red Blends, Sardinia, Southern Italy, Italy"
"Red Blends, Red Blends, Sicily, Southern Italy, Italy"
"Red Blends, Red Blends, Sierra Foothills, California, USA"
"Red Blends, Red Blends, Sonoma Valley, North Coast, California, USA"
"Red Blends, Red Blends, South Australia, Australia"
"Red Blends, Red Blends, South Coast, California, USA"
"Red Blends, Red Blends, Southern Greece, Greece"
"Red Blends, Red Blends, Southern Oregon, Oregon, USA"
"Red Blends, Red Blends, Southwest France, France"
"Red Blends, Red Blends, Thracian Valley, Bulgaria"
"Red Blends, Red Blends, Tuscany, Central Italy, Italy"
"Red Blends, Red Blends, Umbria, Central Italy, Italy"
"Red Blends, Red Blends, Valencia, Northeast Spain, Spain"
"Red Blends, Red Blends, Veneto, Northeast Italy, Italy"
"Ribolla Gialla, Italian White, Friuli-Venezia Giulia, Northeast Italy, Italy"
"Riesling, Alsace, France"
"Riesling, Canterbury and Waipara, New Zealand"
"Riesling, Central Otago, New Zealand"
"Riesling, Columbia Valley, Washington, USA"
"Riesling, Finger Lakes, New York, USA"
"Riesling, Idaho, USA"
"Riesling, Long Island, New York, USA"
"Riesling, Marlborough, New Zealand"
"Riesling, Mendocino, North Coast, California, USA"
"Riesling, Michigan, USA"
"Riesling, Mosel, Germany"
"Riesling, Nahe, Germany"
"Riesling, Niederosterreich, Austria"
"Riesling, Ontario, Canada"
"Riesling, Pfalz, Germany"
"Riesling, Rheingau, Germany"
"Riesling, Rheinhessen, Germany"
"Riesling, Santa Barbara, Central Coast, California, USA"
"Riesling, South Australia, Australia"
"Riesling, Southern Oregon, Oregon, USA"
"Riesling, Western Australia, Australia"
"Riesling, Willamette Valley, Oregon, USA"
"Sagrantino, Italian Red, Umbria, Central Italy, Italy"
"Sangiovese, Columbia Valley, Washington, USA"
"Sangiovese, Emilia-Romagna, Northeast Italy, Italy"
"Sangiovese, Sierra Foothills, California, USA"
"Sangiovese, Tuscany, Central Italy, Italy"
"Sauvignon Blanc, Alto Adige, Northeast Italy, Italy"
"Sauvignon Blanc, Burgenland, Austria"
"Sauvignon Blanc, Cape South Coast, South Africa"
"Sauvignon Blanc, Casablanca Valley, Aconcagua Region, Chile"
"Sauvignon Blanc, Castilla and Leon, Northwest Spain, Spain"
"Sauvignon Blanc, Centre, Loire Valley, France"
"Sauvignon Blanc, Clear Lake, North Coast, California"
"Sauvignon Blanc, Coastal Region, South Africa"
"Sauvignon Blanc, Colchagua Valley, Central Valley, Chile"
"Sauvignon Blanc, Columbia Valley, Washington, USA"
"Sauvignon Blanc, Curico Valley, Central Valley, Chile"
"Sauvignon Blanc, Finger Lakes, New York, USA"
"Sauvignon Blanc, Friuli-Venezia Giulia, Northeast Italy, Italy"
"Sauvignon Blanc, Hawkes Bay, New Zealand"
"Sauvignon Blanc, Inland Valleys, California, USA"
"Sauvignon Blanc, Long Island, New York, USA"
"Sauvignon Blanc, Maipo Valley, Central Valley, Chile"
"Sauvignon Blanc, Marlborough, New Zealand"
"Sauvignon Blanc, Maule Valley, Central Valley, Chile"
"Sauvignon Blanc, Mendocino, North Coast, California, USA"
"Sauvignon Blanc, Mendoza, Argentina"
"Sauvignon Blanc, Monterey, Central Coast, California, USA"
"Sauvignon Blanc, Napa Valley, North Coast, California, USA"
"Sauvignon Blanc, Paso Robles, Central Coast, California, USA"
"Sauvignon Blanc, San Antonio Valley, Aconcagua, Chile"
"Sauvignon Blanc, San Antonio, Aconcagua Region, Chile"
"Sauvignon Blanc, San Luis Obispo, Central Coast, California, USA"
"Sauvignon Blanc, Santa Barbara, Central Coast, California, USA"
"Sauvignon Blanc, Sierra Foothills, California, USA"
"Sauvignon Blanc, Sonoma Valley, North Coast, California, USA"
"Sauvignon Blanc, South Australia, Australia"
"Sauvignon Blanc, Southern Oregon, Oregon, USA"
"Sauvignon Blanc, Southwest France, France"
"Sauvignon Blanc, Steiermark, Austria"
"Sauvignon Blanc, Touraine, Loire Valley, France"
"Sauvignon Blanc, Wairarapa, New Zealand"
"Sauvignon Blanc-Semillon, White Blend, Western Australia, Australia"
"Shiraz-Cabernet Sauvignon, Red Blends, South Australia, Australia"
"Shiraz-Viognier, South Australia, Australia"
"SpÃƒÂ¤tburgunder, Pinot Noir, Baden, Germany"
"Syrah, Aconcagua Valley, Aconcagua Region, Chile"
"Syrah, Alentejo, Portugal"
"Syrah, Cachapoal Valley, Central Valley, Chile"
"Syrah, Casablanca Valley, Aconcagua Region, Chile"
"Syrah, Coastal Region, South Africa"
"Syrah, Colchagua Valley, Central Valley, Chile"
"Syrah, Columbia Valley, Oregon, USA"
"Syrah, Columbia Valley, Washington, USA"
"Syrah, Galilee, Israel"
"Syrah, Hawkes Bay, New Zealand"
"Syrah, Inland Valleys, California, USA"
"Syrah, Limari Valley, Coquimbo Region, Chile"
"Syrah, Maipo Valley, Central Valley, Chile"
"Syrah, Mendocino, North Coast, California, USA"
"Syrah, Mendoza, Argentina"
"Syrah, Monterey, Central Coast, California, USA"
"Syrah, Napa Valley, North Coast, California, USA"
"Syrah, New South Wales, Australia"
"Syrah, Northern Rhone, Rhone Valley, France"
"Syrah, Paso Robles, Central Coast, California, USA"
"Syrah, San Francisco Bay, Central Coast, California, USA"
"Syrah, San Luis Obispo, Central Coast, California, USA"
"Syrah, Santa Barbara, Central Coast, California, USA"
"Syrah, Sierra Foothills, California, USA"
"Syrah, Sonoma Valley, North Coast, California, USA"
"Syrah, South Australia, Australia"
"Syrah, South Coast, California, USA"
"Syrah, Southern Oregon, Oregon, USA"
"Syrah, Tuscany, Central Italy, Italy"
"Syrah, Victoria, Australia"
"Syrah, Western Australia, Australia"
"Tannat-Cabernet, Red Blends, Southwest France, France"
"Tempranillo Blend, Tempranillo, Castilla and Leon, Northwest Spain, Spain"
"Tempranillo Blend, Tempranillo, La Rioja, Northeast Spain, Spain"
"Tempranillo Blend, Tempranillo, Navarra, Northeast Spain, Spain"
"Tempranillo, Castilla and Leon, Northwest Spain, Spain"
"Tempranillo, Castilla-La Mancha, Central Spain, Spain"
"Tempranillo, Columbia Valley, Washington, USA"
"Tempranillo, Inland Valleys, California, USA"
"Tempranillo, La Rioja, Northeast Spain, Spain"
"Tempranillo, Mendoza, Argentina"
"Tempranillo, Navarra, Northeast Spain, Spain"
"Tempranillo, Sierra Foothills, California, USA"
"Tempranillo, Southern Oregon, Oregon, USA"
"Tempranillo, Valencia, Northeast Spain, Spain"
"Tinta de Toro, Tempranillo, Castilla and Leon, Northwest Spain, Spain"
"Tinto Fino, Tempranillo, Castilla and Leon, Northwest Spain, Spain"
"Tinto del Pais, Tempranillo, Castilla and Leon, Northwest Spain, Spain"
"Tokaji, White Blend, Tokaj, Hungary"
"Tokay Pinot Gris, Alsace, France"
"Turbiana, Italian White, Lombardy, Northwest Italy, Italy"
"Verdicchio, Italian White, Le Marche, Central Italy, Italy"
"Vermentino, Italian White, Sardinia, Southern Italy, Italy"
"Vernaccia, Italian White, Tuscany, Central Italy, Italy"
"Viognier, Columbia Valley, Washington, USA"
"Viognier, Mendoza, Argentina"
"Viognier, Northern Rhone, Rhone Valley, France"
"Viognier, Paso Robles, Central Coast, California, USA"
"Viognier, Santa Barbara, Central Coast, California, USA"
"Viognier, Sierra Foothills, California, USA"
"Viognier, Sonoma Valley, North Coast, California, USA"
"Viognier, South Australia, Australia"
"Viognier, Southern Oregon, Oregon, USA"
"Viognier, Virginia, USA"
"White Blend, Alsace, France"
"White Blend, Burgenland, Austria"
"White Blend, Castilla and Leon, Northwest Spain, Spain"
"White Blend, Castilla-La Mancha, Central Spain, Spain"
"White Blend, Catalunya, Northeast Spain, Spain"
"White Blend, Coastal Region, South Africa"
"White Blend, Columbia Valley, Washington, USA"
"White Blend, Friuli-Venezia Giulia, Northeast Italy, Italy"
"White Blend, Galicia, Northwest Spain, Spain"
"White Blend, La Rioja, Northeast Spain, Spain"
"White Blend, Long Island, New York, USA"
"White Blend, Macedonia, Greece"
"White Blend, Mendoza, Argentina"
"White Blend, Niederosterreich, Austria"
"White Blend, Pais Vasco, Northwest Spain, Spain"
"White Blend, Sicily, Southern Italy, Italy"
"White Blend, Sierra Foothills, California, USA"
"White Blend, Southern Greece, Greece"
"White Blend, Southwest France, France"
"White Blend, Tuscany, Central Italy, Italy"
"White Blend, Umbria, Central Italy, Italy"
"White Blend, Veneto, Northeast Italy, Italy"
"Zinfandel, Clear Lake, North Coast, California"
"Zinfandel, Columbia Valley, Washington, USA"
"Zinfandel, Inland Valleys, California, USA"
"Zinfandel, Mendocino, North Coast, California, USA"
"Zinfandel, Napa Valley, North Coast, California, USA"
"Zinfandel, Paso Robles, Central Coast, California, USA"
"Zinfandel, San Francisco Bay, Central Coast, California, USA"
"Zinfandel, Sierra Foothills, California, USA"
"Zinfandel, Sonoma Valley, North Coast, California, USA"
ChÃƒÂ¢teau Ducru Beaucaillou 2012  Saint-Julien
ChÃƒÂ¢teau la Rose du Pin 2014  Bordeaux SupÃƒÂ©rieur
ChÃƒÂ¢teau Croix du Trale 2015  Haut-MÃƒÂ©doc
ChÃƒÂ¢teau LabÃƒÂ©gorce Margaux 2012 ZÃƒÂ©dÃƒÂ© de LabÃƒÂ©gorce  (Margaux)
DeLille 2013 Harrison Hill Red (Snipes Mountain)
ChÃƒÂ¢teau Les Bertrands 2016 Nectar des Bertrands  (Blaye CÃƒÂ´tes de Bordeaux)
ChÃƒÂ¢teau Latour ÃƒÂ  Pomerol 2013 Barrel Sample  (Pomerol)
ChÃƒÂ¢teau les Grands ChÃƒÂªnes 2016 Barrel Sample  (MÃƒÂ©doc)
ChÃƒÂ¢teau du Cartillon 2008  Haut-MÃƒÂ©doc
ChÃƒÂ¢teau le Pape 2007  Pessac-LÃƒÂ©ognan
ChÃƒÂ¢teau La Clare 2011  MÃƒÂ©doc
ChÃƒÂ¢teau FaugÃƒÂ¨res 2013 Barrel Sample  (Saint-ÃƒÂ‰milion)
ChÃƒÂ¢teau Magnol 2015 M de Magnol  (Bordeaux)
Linden 1998 Hardscrabble Red Red (Virginia)
ChÃƒÂ¢teau Lilian Ladouys 2011 Barrel Sample  (Saint-EstÃƒÂ¨phe)
Leonetti Cellar 2002 Reserve Red (Walla Walla Valley (WA))
ChÃƒÂ¢teau Bouscaut 2017 Barrel Sample  (Pessac-LÃƒÂ©ognan)
Rendarrio Vineyards 2014 The League of Shadows Clare Ranch Vineyards Red (Paso Robles)
Inurrieta 2006 Norte Red (Navarra)
Cru de la Maqueline 2012  Bordeaux
ChÃƒÂ¢teau Laforge 2005 Barrel sample  (Saint-ÃƒÂ‰milion)
ChÃƒÂ¢teau de Lestiac 2011  Cadillac CÃƒÂ´tes de Bordeaux
ChÃƒÂ¢teau Ducluzeau 2015 Barrel Sample  (Listrac-MÃƒÂ©doc)
ChÃƒÂ¢teau Grand Mayne 2007  Saint-ÃƒÂ‰milion
Hart 2 Hart 2014 Ryker Red; Pilot Ridge Vineyard; Estate Grown Red (El Dorado)
Domaine des Roches Neuves 2010 La Marginale  (Saumur-Champigny)
Domaine des Roches Neuves 2005 Terres Chaudes  (Saumur-Champigny)
Calvet 2011 Limited Release RosÃƒÂ© Cabernet Franc (Bordeaux RosÃƒÂ©)
Valdivieso 2004 Single Vineyard Reserve Cabernet Franc (Colchagua Valley)
Clos LaChance 2015 Reserve Cabernet Franc (Central Coast)
Schneider 1998 Cabernet Franc (North Fork of Long Island)
Langlois-Chateau 2004 La BretonniÃƒÂ¨re Sec  (Cabernet de Saumur)
City Winery of New York 2011 Reserve Alder Springs Vineyard Cabernet Franc (Mendocino)
Michael David 2014 Inkblot Cabernet Franc (Lodi)
Tamarack Cellars 2013 Cabernet Franc (Wahluke Slope)
Sculpterra 2016 Cabernet Franc (Paso Robles)
Xavier et AgnÃƒÂ¨s Amirault 2015 Le Fondis  (Saint-Nicolas-de-Bourgueil)
Two Mountain 2012 Copeland Vineayard Cabernet Franc (Yakima Valley)
Barrister 2007 Cabernet Franc (Columbia Valley (WA))
Couly-Dutheil 2010 Clos de l'Echo  (Chinon)
Langlois-Chateau NV Brut RosÃƒÂ© Cabernet Franc (CrÃƒÂ©mant de Loire)
Maryhill 2004 Proprietor's Reserve Cabernet Franc (Columbia Valley (WA))
Domaine de la Chevalerie 2002 BusardiÃƒÂ¨res Cabernet Franc (Bourgueil)
Millbrook 2008 Cabernet Franc (Hudson River Region)
Mira 2013 Hyde Vineyard Cabernet Franc (Napa Valley)
Fabbioli Cellars 2012 Reserve Cabernet Franc (Virginia)
FrÃƒÂ©dÃƒÂ©ric Mabileau 2015 Les Racines Cabernet Franc (Bourgueil)
Recanati 2004 Kosher Reserve Cabernet Franc (Galilee)
Narmada 2013 Reserve Cabernet Franc (Virginia)
Naggiar 2014 Estate Cabernet Franc (Sierra Foothills)
Firestone 2012 Cabernet Sauvignon (Santa Ynez Valley)
Cakebread 2013 Cabernet Sauvignon (Napa Valley)
Ghost Pines 2014 Winemaker's Blend Cabernet Sauvignon (Napa County-Sonoma County-Lake County)
Echeverria 2012 Family Reserva Cabernet Sauvignon (CuricÃƒÂ³ Valley)
Foley Johnson 2013 Estate Bottled Cabernet Sauvignon (Rutherford)
Kenwood 2011 Jack London Vineyard Cabernet Sauvignon (Sonoma Mountain)
Cramele Halewood 2012 La Umbra Cabernet Sauvignon (Dealurile Munteniei)
Louis M. Martini 2012 Cabernet Sauvignon (Napa Valley)
Sineann 2003 Baby Poux Cabernet Sauvignon (Columbia Valley (WA))
Chimney Rock 2012 Clone 7 Cabernet Sauvignon (Stags Leap District)
Gordon Brothers 2001 Cabernet Sauvignon (Columbia Valley (WA))
Neil Ellis 1999 Cabernet Sauvignon (Stellenbosch)
Pech Merle 2014 Angier Vineyard Cabernet Sauvignon (Knights Valley)
Forgeron 2001 Cabernet Sauvignon (Columbia Valley (WA))
Spottswoode 2012 Family Estate Grown Cabernet Sauvignon (St. Helena)
Stomping Ground 2010 Cabernet Sauvignon (California)
Stewart 2014 Cabernet Sauvignon (Napa Valley)
Valley View 2008 Anna Maria Cabernet Sauvignon (Applegate Valley)
Trust 2013 A Stone's Throw Cabernet Sauvignon (Columbia Valley (WA))
Di Giorgio Family Wines 2013 Lucindale Cabernet Sauvignon (Limestone Coast)
Basel Cellars 2011 Estate Cabernet Sauvignon (Columbia Valley (WA))
Malk 2011 Cabernet Sauvignon (Stags Leap District)
Gorman 2009 The Albatross Reserve Cabernet Sauvignon (Red Mountain)
Obelisco Estate 2010 Electrum Estate Grown Cabernet Sauvignon (Red Mountain)
Eagle Canyon 2013 Cabernet Sauvignon (California)
Shenandoah Vineyards 1997 Founder's Reserve Chardonnay (Virginia)
Fess Parker 2015 Ashley's Chardonnay (Sta. Rita Hills)
Matua Valley 2004 Chardonnay (Gisborne)
Concannon 2012 Reserve Chardonnay (Livermore Valley)
Bouchard AÃƒÂƒÃ‚Â®nÃƒÂƒÃ‚Â© & Fils 2008  MÃƒÂƒÃ‚Â¢con-Villages
Sparkling Pointe 2004 Blanc de Blancs Chardonnay (North Fork of Long Island)
Alkoomi 2007 Unwooded White Label Chardonnay (Frankland River)
King Family 2016 Chardonnay (Monticello)
Cave des Grands Crus Blancs 2012 Vieilles Vignes  (Saint-VÃƒÂƒÃ‚Â©ran)
J. Lohr 2014 Arroyo Vista Chardonnay (Arroyo Seco)
Chatham 2012 Church Creek Steel Chardonnay (Virginia's Eastern Shore)
Jean-Claude Debeaune 2015  Saint-VÃƒÂƒÃ‚Â©ran
Stonier 2007 Chardonnay (Mornington Peninsula)
Vincent 2007 JJ Bourgogne Blanc  (Bourgogne)
Louis Latour 2015  Montrachet
Treleaven 2013 Silver Lining Chardonnay (Finger Lakes)
Paritua 2007 Chardonnay (Hawke's Bay)
J. Dumangin Fils NV CuvÃƒÂƒÃ‚Â©e Firmin Brut Nature Chardonnay (Champagne)
B.R. Cohn 2011 Sangiacomo Vineyard Chardonnay (Carneros)
Domaine Ferret 2015 Le Clos des Prouges  (Pouilly-FuissÃƒÂƒÃ‚Â©)
Sieur d'Arques 2009 Toques et Clochers OcÃƒÂƒÃ‚Â©anique Chardonnay (Limoux)
Chateau Ste. Michelle 2012 Cold Creek Vineyard Chardonnay (Columbia Valley (WA))
Deutz 1998 Blanc de Blancs Brut Chardonnay (Champagne)
Wineglass Cellars 2001 Reserve Chardonnay (Yakima Valley)
Patterson 2009 Chardonnay (Columbia Valley (WA))
L. Tramier & Fils 2015 Collection  (Beaujolais)
Henry Fessy 2016 Vieilles Vignes  (Beaujolais-Villages)
Jaffelin 2010  Beaujolais-Villages
Domaine DuprÃƒÂ© 2011 Le Griottier  (Morgon)
Florent Descombe 2016 CuvÃƒÂ©e J  (JuliÃƒÂ©nas)
ChÃƒÂ¢teau de la Chaize 2016 Les Amants Magnifiques  (Brouilly)
L. Tramier & Fils 2016 Collection  (Morgon)
Domaine de la Madone 2013 Tradition  (Beaujolais-Villages)
Domaine du Vissoux 2008 PonciÃƒÂ©  (Fleurie)
Georges Duboeuf 2009 Domaine du Paradis  (Saint-Amour)
Domaine de la Plaigne 2016  Morgon
Domaine DuprÃƒÂ© 2014 Haute Ronze Vieilles Vignes  (RÃƒÂ©gniÃƒÂ©)
Domaine de Grand Garant 2016 Le Vivier  (Fleurie)
Vignerons des Pierres DorÃƒÂ©es 2015 La Rose Pourpre Vieilles Vignes  (Beaujolais)
Vignoble Charmet 2016 La Centenaire  (Beaujolais)
Domaine Dupeuble PÃƒÂ¨re et Fils 2013  Beaujolais
Georges Duboeuf 2016 Domaine des Quartre Vents  (Fleurie)
Georges Duboeuf 2014 Clos des 4 Vents La Madone  (Fleurie)
Domaine de Briante 2015  Brouilly
Paul Durdilly 2014 Les Grandes Coasses Nouveau  (Beaujolais)
Louis TÃƒÂªte 2008 Beaujolais Nouveau  (Beaujolais)
Louis Chevallier 2009  Beaujolais-Villages
Vignobles Bulliat 2017  Beaujolais-Villages
Vignerons de Bel Air 2012 Hiver Gourmand  (Morgon)
ChÃƒÂ¢teau des Loges 2015 SÃƒÂ©lection  (Beaujolais-Villages)
Pagos del Moncayo 2011 PdM Moncayo Garnacha (Campo de Borja)
Coto de Hayas 2004 Rosado Grenache (Campo de Borja)
Cave de Rasteau NV DorÃƒÂ© Grenache (Vin Doux Naturel Rasteau)
Quady North 2015 RosÃƒÂ© of Grenache (Rogue Valley)
Alto Moncayo 2009 Garnacha (Campo de Borja)
ChÃƒÂ¢teau Maris 2006 Old Vine Grenache (Minervois La Liviniere)
F.lli Puddu 2016 Nepente di Oliena Tiscali  (Cannonau di Sardegna)
Tre Anelli 2012 RosÃƒÂ© Grenache (Santa Barbara County)
Jaxon 2015 Grenache (Rogue Valley)
Flying Dreams 2012 Garnacha (Columbia Valley (WA))
Cordant 2015 Wills Hills Vineyard Grenache (Paso Robles)
Bodegas Tempore 2005 ViÃƒÂ±a Centuria Garnacha (Vino de la Tierra del Bajo AragÃƒÂ³n)
Bontzu 2015 Reserve Grenache (Walla Walla Valley (WA))
Borsao 2013 ViÃƒÂ±a Borgia Garnacha (Campo de Borja)
Bodegas Aragonesas 2013 Dom Ramon Imperial Garnacha (Campo de Borja)
Cave de Rasteau 2009 Signature Grenache (Vin Doux Naturel Rasteau)
Storrs 2012 Grenache (Central Coast)
ViÃƒÂ±a Sardasol 2005 Rosado de Lagrima Garnacha (Navarra)
Simon Hackett 2006 Old Vine Grenache (McLaren Vale)
Baron De Ley 2012 Varietales  (Rioja)
Coyote Canyon 2010 Coyote Canyon Vineyard Grenache (Horse Heaven Hills)
Parducci 2014 Reserve Grenache (Mendocino)
Mesa 2016 Primo Scuro  (Cannonau di Sardegna)
Jada Vineyard & Winery 2013 WCS Jack John Grenache (Paso Robles Willow Creek District)
La Sirena 2012 Grenache (Napa Valley)
Malat 2016 Furth-Palt GrÃƒÂ¼ner Veltliner (Kremstal)
Garber & Goltz 2014 Mats Zornberg GrÃƒÂ¼ner Veltliner (Wachau)
Diwald 2015 Grossriedenthaler LÃƒÂ¶ss GrÃƒÂ¼ner Veltliner (Wagram)
BrÃƒÂ¼ndlmayer 2014 Loiser Berg GrÃƒÂ¼ner Veltliner (Kamptal)
Weixelbaum 2015 Anno Dazumal GrÃƒÂ¼ner Veltliner (Weinland ÃƒÂ–sterreich)
DÃƒÂ¼rnberg 2013 L&T Cool Climate GrÃƒÂ¼ner Veltliner (NiederÃƒÂ¶sterreich)
Josef Jamek 2015 Ried Achleiten Federspiel GrÃƒÂ¼ner Veltliner (Wachau)
Graf Hardegg 2012 GrÃƒÂ¼ner Veltliner (NiederÃƒÂ¶sterreich)
H. & M. Hofer 2017 vdR GrÃƒÂ¼ner Veltliner (Weinviertel)
Unger 2013 Gottschelle Reserve GrÃƒÂ¼ner Veltliner (Kremstal)
Laurenz V. 2015 Friendly GrÃƒÂ¼ner Veltliner (Kamptal)
Gritsch Mauritiushof 2007 Singerriedl Federspiel GrÃƒÂ¼ner Veltliner (Wachau)
Nikolaihof 2006 Weingebirge Federspiel GrÃƒÂ¼ner Veltliner (Wachau)
DomÃƒÂ¤ne Gobelsburg 2017 GrÃƒÂ¼ner Veltliner (Kamptal)
TÃƒÂ¼rk 2012 Frechau Reserve GrÃƒÂ¼ner Veltliner (Kremstal)
Stift GÃƒÂ¶ttweig 2011 GÃƒÂ¶ttweiger Berg GrÃƒÂ¼ner Veltliner (Kremstal)
Setzer 2005 8000 GrÃƒÂ¼ner Veltliner (NiederÃƒÂ¶sterreich)
Winzer Krems 2016 Kremser Sandgrube GrÃƒÂ¼ner Veltliner (NiederÃƒÂ¶sterreich)
BrÃƒÂ¼ndlmayer 2012 Alte Reben Reserve GrÃƒÂ¼ner Veltliner (Kamptal)
Tegernseerhof 2011 Bergdistel Smaragd GrÃƒÂ¼ner Veltliner (Wachau)
Winzer Krems 2015 Kremser Sandgrube GrÃƒÂ¼ner Veltliner (NiederÃƒÂ¶sterreich)
Eichinger 2014 Lamm Reserve GrÃƒÂ¼ner Veltliner (Kamptal)
BrÃƒÂ¼ndlmayer 2011 Kammerner Lamm Erste Lage Reserve GrÃƒÂ¼ner Veltliner (Kamptal)
Glatzer 2012 GrÃƒÂ¼ner Veltliner (Carnuntum)
Tegernseerhof 2017 Ried HÃƒÂ¶hereck GrÃƒÂ¼ner Veltliner (Wachau)
Morgante 2010 Don Antonio Nero d'Avola (Sicilia)
Terre del Principe 2011 Ambruco Pallagrello Nero (Terre del Volturno)
Tenuta di Fessina 2016 Laeneo Nerello Cappuccio (Sicilia)
Re Manfredi 2012  Aglianico del Vulture
Villa Mattielli 2014 Rocca dei Leoni Aglianico (Campania)
Gorghi Tondi 2017 Coste a Preola Nero d'Avola (Sicilia)
Olivi 2010 Pugnitello (Toscana)
Morgante 2012 Don Antonio Nero d'Avola (Sicilia)
Tenuta di Fessina 2014 Laeneo Nerello Cappuccio (Sicilia)
Spadina 2002 Una Rosa Signature Nero d'Avola (Sicilia)
Destro 2009 Aspide  (Etna)
Peter Zemmer 2013 Schiava Gentile Schiava (Alto Adige)
Passopisciaro 2012 Contrada R Nerello Mascalese (Terre Siciliane)
Adanti 2007  Montefalco Sagrantino
Irene BadalÃƒÂ  2016 Rosso  (Etna)
Unico Zelo 2017 The River Nero d'Avola (Riverland)
Al-CantÃƒÂ ra 2014 La Fata Galanti Nerello Cappuccio (Terre Siciliane)
Girolamo Russo 2013 Rosato Nerello Mascalese (Etna)
Tenute Girolamo 2012 La Voliera Negroamaro (Puglia)
Zisola 2016 Rosso Nero d'Avola (Noto)
Tenuta Fontana 2015 Civico 28 Aglianico (Sannio)
Imagery 2012 Upper Ridge Vineyard Lagrein (Pine Mountain-Cloverdale Peak)
Masciarelli 2014  Montepulciano d'Abruzzo
Castellucci Miano 2013 Nero d'Avola (Terre Siciliane)
Di Filippo 2013 Etnico  (Montefalco Sagrantino)
Boccafosca 2016 Stellaria  (Verdicchio dei Castelli di Jesi Classico)
Marco Scolaris 2014 Friulano (Collio)
Zardetto 2014 Tre Venti Rive di Ogliano Brut  (Valdobbiadene Prosecco Superiore)
Settesoli 2016 Mandrarossa Costa Dune Grillo (Sicilia)
Alfredo Roca 2016 Fincas Tocai (Mendoza)
Adami 2014 Col Credas Rive di Farra di Soligo  (Valdobbiadene Prosecco Superiore)
Bisol 2014 Private  (Valdobbiadene Superiore di Cartizze)
Tasca d'Almerita 2017 Mozia Grillo (Sicilia)
Alepa 2013 Riccio Bianco Pallagrello Bianco (Terre del Volturno)
"WÃƒÂ¶lffer 2014 Trebbiano (The Hamptons, Long Island)"
BiancaVigna 2016 Rive di Ogliano Brut Nature  (Conegliano Valdobbiadene Prosecco Superiore)
Fattoria La Vialla 2014  Verdicchio dei Castelli di Jesi Classico Superiore
Schiopetto 2015 Malvasia (Collio)
Mionetto NV Extra Dry  (Valdobbiadene Prosecco Superiore)
Pratello 2017 Catulliano  (Lugana)
Seghesio 2017 Vermentino (Russian River Valley)
Franchetto 2013 Brut Riserva  (Lessini Durello)
Tenuta La Viola 2015 Interra Bianco Albana (ForlÃƒÂ¬)
CVA CanicattÃƒÂ¬ 2015 Fileno Grillo (Sicilia)
Capichera 2013 Vermentino (Isola dei Nuraghi)
San Silvestro 2014 Ghercina del Comune di Novello Nascetta (Langhe)
Ledda 2017 Tenuta del Vulcano Pelao Azzesu  (Vermentino di Sardegna)
Villa Raiano 2016  Fiano di Avellino
Frati Bianchi 2014 Il Priore  (Verdicchio dei Castelli di Jesi Classico Superiore)
Velenosi 2015 Quercia Antica  (Verdicchio dei Castelli di Jesi)
Alta Vista 2005 Grande Reserve Terroir Selection Malbec (Mendoza)
Kaiken 2006 Ultra Malbec (Mendoza)
Alta Vista 2010 Temis Single Vineyard Malbec (Mendoza)
Cruz Alta 2009 Reserve Malbec (Mendoza)
Georges Vigouroux 2015 Les Comtes de Cahors Malbec (Cahors)
Tomero 2006 Gran Reserva Malbec (Mendoza)
Argento 2012 Malbec (Mendoza)
Charles Smith 2009 Broncho Stoneridge Vineyard Malbec (Washington)
Concha y Toro 2000 Xplorador Malbec (Mendoza)
Ricardo Santos 2007 Las Madras Vineyard Malbec (Mendoza)
Pascual Toso 2012 Estate Bottled Malbec (Mendoza)
Terrazas de Los Andes 2005 Reserva Malbec (Mendoza)
Los Vencejos 2010 Malbec (Uco Valley)
Maipe 2007 Malbec (Mendoza)
Pascual Toso 2006 Reserve Las Barrancas Vineyards Malbec (Mendoza)
Coyote Canyon 2012 G.W. Smith H/H Estate Reserve Malbec (Horse Heaven Hills)
Alamos 2008 SelecciÃƒÂ³n Malbec (Mendoza)
Familia Marguery 2006 Single Vineyard Malbec (Mendoza)
Monteviejo 2007 Lindaflor La Violeta Malbec (Mendoza)
Altos Nevados 2008 Malbec (Mendoza)
Luigi Bosca 2006 Finca La Linda Malbec (LujÃƒÂ¡n de Cuyo)
Valdivieso 2004 Single Vineyard Reserve Malbec (LontuÃƒÂ© Valley)
Arbor Bench Vineyards 2014 Estate Malbec (Dry Creek Valley)
Jean-Luc BaldÃƒÂ¨s 2006 Clos Triguedina The New Black Wine Malbec (Cahors)
Bodega Catena Zapata 2015 Alta Historic Rows Malbec (Mendoza)
Y Rousseau 2013 PÃƒÂ©pÃƒÂ© Cavedale Vineyard Merlot (Moon Mountain District Sonoma County)
Milbrandt 2005 Legacy Merlot (Washington)
Tabor 2014 Adama Merlot (Galilee)
Kenefick Ranch 2013 Estate Grown Merlot (Calistoga)
ViÃƒÂ±a La Rosa 2004 La Palma Merlot (Cachapoal Valley)
Duckhorn 2012 Merlot (Carneros)
Sineann 2005 Merlot (Columbia Valley (OR))
La Ferme Martin 1998 Merlot (Long Island)
Petra 2012 Quercegobbe Merlot (Toscana)
Castello di Borghese 2006 Merlot (North Fork of Long Island)
Napa Cellars 2015 Merlot (Napa Valley)
Vini 2006 Veni Vidi Vici Merlot (Thracian Valley)
Woodward Canyon 2014 Merlot (Columbia Valley (WA))
Canoe Ridge 2003 Block 13 Reserve Merlot (Columbia Valley (WA))
Happy Camper 2012 Merlot (California)
Sextant 2015 Estate Merlot (Paso Robles)
Seven Hills 2009 Merlot (Columbia Valley (WA))
Goose Ridge 2010 Merlot (Columbia Valley (WA))
Columbia Crest 2005 Grand Estates Merlot (Columbia Valley (WA))
Keira 2014 Merlot (Yakima Valley)
Brian Carter 2013 One Olsen Vineyard Merlot (Yakima Valley)
Fleur Du Cap 2008 Bergkelder Selection Merlot (Coastal Region)
Le Macchiole 2011 Messorio Merlot (Toscana)
Leonetti Cellar 1999 Merlot (Columbia Valley (WA))
Columbia Winery 2012 Merlot (Columbia Valley (WA))
Elvio Cogno 2013 Montegrilli Nebbiolo (Langhe)
Mauro Sebaste 2011 TreasurÃƒÂ¬  (Barolo)
Gian Piero Marrone 2014  Barbaresco
Castello di Verduno 2011 RabajÃƒÂ  Riserva  (Barbaresco)
Fontanafredda 2015 Ebbio Nebbiolo (Langhe)
Pio Cesare 2014  Barolo
Brovia 2013 GarblÃƒÂ¨t SuÃƒÂ¨  (Barolo)
Francesco Rinaldi 2013 Cannubi  (Barolo)
Marchesi di Barolo 2013 Serragrilli  (Barbaresco)
RÃƒÂ©va 2012 Ravera  (Barolo)
Paolo Scavino 2014 Monvigliero  (Barolo)
Battaglio 2013  Barbaresco
Tenuta Carretta 2014 Garassino  (Barbaresco)
Poderi Colla 2014 Bussia Dardi Le Rose  (Barolo)
Brovia 2014 Unio  (Barolo)
Ceretto 2010  Barolo
Castello di Verduno 2009 Massara  (Barolo)
CarlindePaolo 2015  Barbaresco
Cantina del Nebbiolo 2011  Barolo
Dosio 2011 Fossati Riserva  (Barolo)
Pertinace 2012 Nebbiolo (Langhe)
Gigi Rosso 2014 Tre Comuni  (Barolo)
Parusso 2012 Le Coste di Monforte  (Barolo)
Domenico Clerico 2010 Briccotto  (Barolo)
Pietro Rinaldi 2012  Barolo
Stags' Leap Winery 2015 Petite Sirah (Napa Valley)
Ridge 1996 York Creek Petite Sirah (Spring Mountain District)
Dusted Valley 2009 Petite Sirah (Columbia Valley (WA))
Still Waters 2010 Petite Sirah (Paso Robles)
Concannon 2008 Nina's Cuvee Petite Sirah (Livermore Valley)
Jerusalem Wineries 2014 4990 Reserve Petite Sirah (Judean Hills)
Skinner 2013 Petite Sirah (El Dorado)
J. Lohr 2015 Tower Road Petite Sirah (Paso Robles)
MCV 2014 Black Petite Sirah (Paso Robles)
Cedarville 2013 Naylor Vineyard Petite Sirah (El Dorado)
Aaron 2012 Petite Sirah (Paso Robles)
Bunnell 2009 Northridge Vineayrd Petite Sirah (Wahluke Slope)
Cinque Capre 2014 Petite Sirah (Contra Costa County)
Carlisle 2014 Palisades Vineyard Petite Sirah (Napa Valley)
Fiddletown Cellars 2013 Petite Sirah (Amador County)
Clayhouse 2013 Old VInes Rio Cedar VIneyard Petite Sirah (Paso Robles)
Criss Cross 2013 Petite Sirah (Clarksburg)
Berryessa Gap 2016 Durif (Yolo County)
Vinum 2012 Petite Sirah (Clarksburg)
Keating 2013 Petite Sirah (Rockpile)
Langtry 2007 Serpentine Meadow Vineyard Petite Sirah (Guenoc Valley)
Occasio 2010 Del Arroyo Vineyard Petite Sirah (Livermore Valley)
Langman Estate 2016 Raymond's Rows Petite Sirah (Sierra Foothills)
Powicana Farm 2015 Port Petite Sirah (Redwood Valley)
Ruby Hill Winery 2012 Reserve Petite Sirah (Livermore Valley)
WillaKenzie Estate 2007 Pinot Gris (Willamette Valley)
Giovello 1998 Pinot Grigio (Veneto)
Bridgeview 2000 Reserve Pinot Gris (Oregon)
Winter's Hill 2013 Pinot Gris (Dundee Hills)
Greywacke 2014 Pinot Gris (Marlborough)
Peregrine 2007 Pinot Gris (Central Otago)
Dorigo 2013 Pinot Grigio (Colli Orientali del Friuli)
RieflÃƒÂ© 2009 ZinnkoepflÃƒÂ© Grand Cru Pinot Gris (Alsace)
Domaine Fernand Engel 2015 CuvÃƒÂ©e Engel Pinot Gris (Alsace)
Domaine Zind-Humbrecht 2009 Turckheim Clos Jebsal Vendanges Tardive Pinot Gris (Alsace)
Emile Beyer 2014 Tradition Pinot Gris (Alsace)
Peter Zemmer 2012 Pinot Grigio (Alto Adige)
Evergreen 2006 Spruce Goose Pinot Gris (Willamette Valley)
Oak Knoll 2004 Pinot Gris (Willamette Valley)
Channing Daughters 2011 Ramato Pinot Grigio (Long Island)
Lujon 2012 Pinot Gris (Willamette Valley)
Iris Vineyards 2015 Chalice Estate Pinot Gris (Oregon)
Keeler 2017 Skin Contact Pinot Gris (Eola-Amity Hills)
Arbor Brook 2014 Guadalupe Vineyard Pinot Gris (Dundee Hills)
Sass 2016 Pinot Gris (Willamette Valley)
Chatter Creek 2000 Pinot Gris (Washington)
Kuentz-Bas 2013 Florimont Grand Cru Pinot Gris (Alsace)
Famiglia Cielo 2016 Pinot Grigio (Delle Venezie)
Anindor 2009 Pinot Gris (Umpqua Valley)
Domaine Charles Baur 2016 Eichberg Grand Cru Pinot Gris (Alsace)
Ken Wright 2004 Canary Hill Pinot Noir (Willamette Valley)
Archery Summit 2015 Summit Vineyard Pinot Noir (Dundee Hills)
ChÃƒÂ¢teau de TignÃƒÂ© 2014 Gerard Depardieu Pinot Noir (Vin de France)
Iota Cellars 2011 Pelos Sandberg Vineyard Pinot Noir (Eola-Amity Hills)
Drew 2011 Fog Eater Pinot Noir (Anderson Valley)
Bannock Brae 2003 Barrel Selection Pinot Noir (Central Otago)
Bomb 2012 Pinot Noir (Willamette Valley)
Love & Squalor 2015 Pinot Noir (Willamette Valley)
Lange 2015 Liberty Bell Pinot Noir (Willamette Valley)
Rex Hill 2010 Reserve Pinot Noir (Willamette Valley)
ThiÃƒÂ©not 2008 CuvÃƒÂ©e Garance Pinot Noir (Champagne)
Cantina Terlano 2013 Pinot Nero (Alto Adige)
Les Belles Collines 2016 Pinot Noir (Sonoma Coast)
Le Cadeau 2007 Equinoxe Pinot Noir (Willamette Valley)
Willamette Valley Vineyards 2012 Signature CuvÃƒÂ©e Pinot Noir (Willamette Valley)
Saintsbury 2012 Lee Vineyard Pinot Noir (Carneros)
Aubichon Cellars 2012 Reserve Pinot Noir (Willamette Valley)
Domaine Faiveley 2014  Gevrey-Chambertin
Aubichon Cellars 2011 Armstrong Vineyard Pinot Noir (Ribbon Ridge)
Gracia de Chile 2007 Reserva Lo Mejor Sereno Pinot Noir (BÃƒÂ­o BÃƒÂ­o Valley)
Joseph Drouhin 2012  Grands-Echezeaux
Albert Bichot 2008 Aux Clous Premier Cru  (Savigny-lÃƒÂ¨s-Beaune)
Laetitia 2012 Reserve du Domaine Pinot Noir (Arroyo Grande Valley)
Acacia 2012 Winery Lake Vineyard Pinot Noir (Carneros)
Angeline 2015 Reserve Pinot Noir (Mendocino)
Conte Ferdinando Guicciardini 2002 Massi Di Mandorlaia  (Morellino di Scansano)
Hedges 2016 inVogue Estate Grown and Bottled Red (Red Mountain)
Bodegas TobÃƒÂ­a 2016 ViÃƒÂ±a TobÃƒÂ­a  (Rioja)
Morisfarms 2015 Riserva  (Morellino di Scansano)
Tenuta delle Terre Nere 2016 San Lorenzo  (Etna)
Sleight of Hand 2006 The Spellbinder Red Red (Columbia Valley (WA))
Buena Vista 2014 The Count Founder's Red (Sonoma County)
Vivaldi 2010  Amarone della Valpolicella
Incognito 2009 Red (Lodi)
Antonelli 2008 Riserva  (Montefalco Rosso)
Gordon Brothers 2003 Tradition Red Red (Columbia Valley (WA))
Tosalet 2014 Vinyes Velles Red (Priorat)
Nadia 2012 Quattro Santa Barbara Highlands Vineyard Red (Santa Barbara County)
Cantina Novelli 2009  Montefalco Rosso
Morlanda 2007 CrianÃƒÂ§a Red (Priorat)
Peirano 2012 The Other Red (Lodi)
Speri 2014 Sant'Urbano  (Valpolicella Classico Superiore)
Tenuta di Fessina 2015 Erse  (Etna)
Sparkman 2006 Ruby Leigh Red Red (Red Mountain)
Clos du Bois 2013 Coro Mendocino Red (Mendocino)
Merry Cellars 2006 Crimson Red Red (Washington)
Loxarel 2007 ops Red (PenedÃƒÂ¨s)
Francesc Sanchez Bas 2005 Montgarnatx Red (Priorat)
Simonsig 2014 Frans Malan Cape Blend Red (Stellenbosch)
Talaria 2012 Sonoma CuvÃƒÂ©e Red (Sonoma County)
Preiss-Zimmer 2016 Vieilles Vignes Riesling (Alsace)
St. Gabriel 2010 SpÃƒÂ¤tlese Riesling (Mosel)
Salomon-Undhof 2011 Steiner KÃƒÂ¶gl Erste Lage Riesling (Kremstal)
Domdechant Werner 2001 Hochheimer KirchenstÃƒÂ¼ck Eiswein Riesling (Rheingau)
Domaine Ostertag 2013 Vignoble d'E Riesling (Alsace)
S.A. PrÃƒÂ¼m 2014 Wehlener Sonnenuhr SpÃƒÂ¤tlese Grosse Lage Riesling (Mosel)
Karl Schaefer 2015 Wachenheimer GerÃƒÂ¼mpel Trocken Erste Lage Riesling (Pfalz)
Reichsgraf von Kesselstatt 2011 Scharzhofberger Beerenauslese #25 Grosse Lage Gold Kap Riesling (Mosel)
DomÃƒÂ¤ne Wachau 2015 Bruck Federspiel Riesling (Wachau)
Bully Hill 2002 Riesling (New York)
Bestheim 2015 Patergarten Riesling (Alsace)
RenÃƒÂ© MurÃƒÂ© 2015 Cote de Rouffach Riesling (Alsace)
Sipp Mack 2008 Rosacker Grand Cru Riesling (Alsace)
Dr. H. Thanisch (Erben MÃƒÂ¼ller-Burggraef) 2007 Classic Riesling (Mosel-Saar-Ruwer)
Weingut Georg Albrecht Schneider 2012 Neirsteiner Paterberg Kabinett Trocken von Kalk Riesling (Rheinhessen)
Shaw 2007 Riesling (Finger Lakes)
Joh. Jos. PrÃƒÂ¼m 2010 Graacher Himmelreich Auslese Riesling (Mosel)
Keuka Spring 2013 Humphreys Vineyard Riesling (Finger Lakes)
Wolfberger 2017 Signature Riesling (Alsace)
Cave Spring 2009 Indian Summer Riesling (Niagara Peninsula)
Red Tail Ridge 2013 RTR Estate Vineyard Dry Riesling (Finger Lakes)
Escher Haus 2009 Riesling (Pfalz)
Glenora 2000 Dry Riesling (Finger Lakes)
Glenora 2010 Late Harvest Riesling (Finger Lakes)
Dr. Pauly Bergweiler 2004 Bernkasteler Badstube Kabinett Riesling (Mosel-Saar-Ruwer)
Collosorbo 2010  Brunello di Montalcino
Argiano 2012  Brunello di Montalcino
Luiano 2010 Riserva  (Chianti Classico)
Antinori 2000 Pian delle Vigne  (Brunello di Montalcino)
Castellani 2012 Campomaggio  (Chianti Classico)
Orange Coast WInery 2015 Sangiovese (California)
Fattoria Carpineta Fontalpino 2015 Dofana  (Chianti Classico)
La Magia 2012  Rosso di Montalcino
Salcheto 2011  Vino Nobile di Montepulciano
Terralsole 2010 Vigna Pian Bossolino  (Brunello di Montalcino)
Carpineto 2001  Chianti Classico
Castello di Gabbiano 1997 Alleanza Sangiovese (Toscana)
Podere La Vigna 2011  Brunello di Montalcino
Fuligni 2010 Riserva  (Brunello di Montalcino)
Walla Walla Vintners 2015 Sangiovese (Columbia Valley (WA))
La Velona 2010 Riserva  (Brunello di Montalcino)
Natale Verga 2010 Riserva  (Chianti Classico)
Guidi 1929 2010 Riserva  (Chianti)
Il Paradiso di Frassina 2010 Flauto Magico Riserva  (Brunello di Montalcino)
Fattoria La Lecciaia 2012  Rosso di Montalcino
La Collina dei Lecci 2013  Brunello di Montalcino
Wind Rose 2012 Sangiovese (Columbia Valley (WA))
Castelli del Grevepesa 2010 Clemente VII  (Chianti Classico)
Tenuta Vitanza 2010 Riserva  (Brunello di Montalcino)
Ross Andrew 2012 Meadow RosÃƒÂ© Sangiovese (Columbia Valley (WA))
Cairnbrae 2003 The Stones Sauvignon Blanc (Marlborough)
Grgich Hills 2014 Dry Sauvignon Blanc Estate Grown FumÃƒÂ© Blanc (Napa Valley)
Cramele Recas 2013 Conocul Ambrozy Sauvignon Blanc (Recas)
Salvestrin 2014 LeBlanc Crystal Springs Vineyard Sauvignon Blanc (St. Helena)
Amayna 2017 Sauvignon Blanc (Leyda Valley)
Konrad 2009 Sauvignon Blanc (Marlborough)
Margerum 2015 Sybarite Sauvignon Blanc (Happy Canyon of Santa Barbara)
A. de Luze et Fils 2015 Fleur de Sauvignon  (Bordeaux Blanc)
Heitz 2017 Sauvignon Blanc (Napa Valley)
ChÃƒÂ¢teau de Tracy 2016 Madamoiselle de T  (Pouilly-FumÃƒÂ©)
Refugio Ranch 2016 Tiradora Sauvignon Blanc (Santa Ynez Valley)
Haras de Pirque 2002 Character Sauvignon Blanc (Maipo Valley)
Bodega Volcanes de Chile 2014 Tectonia Sauvignon Blanc (Leyda Valley)
Errazuriz 2011 Estate Reserva Sauvignon Blanc (Aconcagua Valley)
Roger et Didier Raimbault 2011 Vieilles Vignes  (Sancerre)
Saget la PerriÃƒÂ¨re 2016 La Java des Grandes Esperances Sauvignon Blanc (Touraine)
Domaine JoÃƒÂ«l Delaunay 2008 Le Bois Martin Sauvignon Blanc (Touraine)
Cortes de Cima 2017 Sauvignon Blanc (Alentejano)
Klein Constantia 2005 Sauvignon Blanc (Constantia)
Alphonse Mellot 2006 La MoussiÃƒÂ¨re  (Sancerre)
ViÃƒÂ±a Casablanca 2017 Cefiro Cool Reserve Sauvignon Blanc (Casablanca Valley)
Vinos Sanz 2004 Finca La Colina Sauvignon Blanc (Rueda)
Emiliana 2014 Novas Gran Reserva Sauvignon Blanc (San Antonio)
Saltbird 2014 Migratus Sauvignon Blanc (North Fork of Long Island)
Oxford Landing 2016 Sauvignon Blanc (South Australia)
Maison Bouachon 2003 Roguebrussane  (Saint-Joseph)
Callia 2008 Alta Shiraz (Tulum Valley)
JM Cellars 2009 Boushey Vineyard Syrah (Yakima Valley)
Efeste 2006 Jolie Bouche Syrah (Yakima Valley)
Cayuse 2013 En Cerise Vineyard Syrah (Walla Walla Valley (WA))
Tamarack Cellars 2012 Syrah (Columbia Valley (WA))
Helix by Reininger 2008 Syrah (Columbia Valley (WA))
Nagy 2012 Syrah (Santa Barbara County)
Mitolo 2004 G. A. M. Shiraz (McLaren Vale)
Boom Boom 2006 Syrah (Washington)
Andrew Rich 2014 Red Willow Vineyard Syrah (Columbia Valley (WA))
Mitolo 2009 Jester Shiraz (McLaren Vale)
Casa Marin 2010 Miramar Vineyard Syrah (San Antonio)
Levo 2016 Spot Duvarita Vineyard Syrah (Santa Barbara County)
Silver 2009 Syrah (Santa Barbara County)
Kingston Family 2015 Bayo Oscuro Syrah (Casablanca Valley)
Delas FrÃƒÂ¨res 2015 Les Bressards  (Hermitage)
Ash Hollow 2005 Syrah (Walla Walla Valley (WA))
Kay Brothers 2010 Amery Vineyard Block 6 Shiraz (McLaren Vale)
No Limit 2010 All-In Sawyer Lindquist Vineyard Syrah (Edna Valley)
Muscardini 2011 Unti Vineyards Syrah (Dry Creek Valley)
Patland 2013 D'Oro Stagecoach Vineyard Syrah (Napa Valley)
Colvin Vineyards 2003 Spofford Station Vineyard Syrah (Walla Walla Valley (WA))
Ampelos 2013 RosÃƒÂ© of Syrah (Santa Ynez Valley)
Concha y Toro 2007 Gravas del Maipo Syrah (Buin)
Campos Reales 2005 Tempranillo (La Mancha)
Loca 2013 Tempranillo (CariÃƒÂ±ena)
Bodegas PeÃƒÂ±afiel 2008 Miros  (Ribera del Duero)
Abadia Retuerta 2006 Pago Negralada Tempranillo (Vino de la Tierra de Castilla y LeÃƒÂ³n)
Osoti 2013 Joven Made with Organically Grown Grapes  (Rioja)
Lealtanza 2001 Crianza  (Rioja)
Montecastro 2003  Ribera del Duero
Santa Julia 2007 Organica Tempranillo (Mendoza)
Finca SobreÃƒÂ±o 2010 SelecciÃƒÂ³n Especial  (Toro)
ViÃƒÂ±a Mayor 2008 Reserva  (Ribera del Duero)
Pedernales 2015 Tempranillo (Texas)
Castillo de Monjardin 2010 Tintico Tempranillo (Navarra)
Resalte 2001 Crianza  (Ribera del Duero)
Bodega Carmen RodrÃƒÂ­guez 2012 Carodorum ÃƒÂšnico Crianza  (Toro)
Sonsierra 2012 Pagos de la Sonsierra Reserva  (Rioja)
Atalayas de GolbÃƒÂ¡n 2015 Torre de GolbÃƒÂ¡n Crianza  (Ribera del Duero)
Bodegas Hnos. PÃƒÂ©rez Pascuas 2012 ViÃƒÂ±a Pedrosa La Navilla  (Ribera del Duero)
Carravid 2013  Ribera del Duero
Neo 2003  Ribera del Duero
Montecillo 2001 Crianza  (Rioja)
MarquÃƒÂ©s de CÃƒÂ¡ceres 2000 Gran Reserva  (Rioja)
Bodegas Fuentespina 2010 SelecciÃƒÂ³n  (Ribera del Duero)
Beronia 2008 Tempranillo  (Rioja)
Bodegas Fuentespina 1999 Cosecha  (Ribera del Duero)
Mil Piedras 2003 Tempranillo (Mendoza)
Chatter Creek 2007 Viognier (Columbia Valley (WA))
Seven Falls 2015 GPS Jones Vineyard Viognier (Wahluke Slope)
Callaway 2012 Special Selection Viognier (Temecula Valley)
Calera 2014 Viognier (Mt. Harlan)
Left Bend 2014 Black Ridge Vineyards Viognier (Santa Cruz Mountains)
Trump 2014 Estate Bottled Viognier (Monticello)
King Family 2016 Small Batch Series Viognier (Monticello)
Wilson Creek 2016 Chloe Vineyard Viognier (Temecula Valley)
Yeringberg 2014 Viognier (Yarra Valley)
The White Knight 2015 Viognier (Clarksburg)
Coeur d'Alene 2012 Viognier (Washington)
Paul Jaboulet AÃƒÂ®nÃƒÂ© 2009 Domaine des Grands Amandiers  (Condrieu)
GÃƒÂ©rard Bertrand 2003 Classic Viognier (Vin de Pays d'Oc)
Syncline 2008 Coyote Canyon Vineyard Viognier (Horse Heaven Hills)
Fess Parker 2013 Rodney's Vineyard Viognier (Santa Barbara County)
Penner-Ash 2014 Viognier (Oregon)
Sahara Vineyards 2008 Viognier (Egypt)
Pedernales 2015 Reserve Viognier (Texas)
Milbrandt 2013 The Estates Viognier (Wahluke Slope)
Springhouse Cellar 2008 Voulez-Vous Viognier (Columbia Valley (OR))
Vellichor 2015 Mvua Viognier (Chalk Hill)
Casa Montes 2014 Ampakama Viognier (San Juan)
Valley View 2006 Anna Maria Viognier (Rogue Valley)
Mercer 2013 Culloden Vineyard Viognier (Horse Heaven Hills)
Alain Jaume et Fils 2015 Domiane Grand Veneur Blanc de Viognier (CÃƒÂ´tes du RhÃƒÂ´ne)
Barton & Guestier 2012 The Pairing Collection Salmon & Trout  (Bordeaux Blanc)
ChÃƒÂ¢teau la LouviÃƒÂ¨re 2009 Barrel sample  (Pessac-LÃƒÂ©ognan)
ChÃƒÂ¢teau de Cruzeau 2012  Pessac-LÃƒÂ©ognan
ChÃƒÂ¢teau de Fieuzal 2009  Pessac-LÃƒÂ©ognan
ChÃƒÂ¢teau Coutet 2018 Barrel Sample  (Barsac)
ChÃƒÂ¢teau de Castres 2017  Graves
Palma Real 2017 Verdejo-Viura (Rueda)
ChÃƒÂ¢teau Fonfroide 2015  Bordeaux Blanc
Glinavos 2006 Primus White (Zitsa)
ChÃƒÂ¢teau de Rayne Vigneau 2015 Le Sec de Rayne Vigneau  (Bordeaux Blanc)
ChÃƒÂ¢teau Bastor-Lamontagne 2012 Barrel Sample  (Sauternes)
ChÃƒÂ¢teau la LouviÃƒÂ¨re 2012  Pessac-LÃƒÂ©ognan
Mario Schiopetto 2001 Blanc des Rosis White (Friuli Venezia Giulia)
Recanati 2010 Special Reserve White White (Galilee)
Hedges 2015 Estate Grown and Bottled Le Blanc White (Red Mountain)
ChÃƒÂ¢teau Larrivet Haut-Brion 2012 Barrel Sample  (Pessac-LÃƒÂ©ognan)
Masciarelli 2017 Villa Gemma Bianco White (Colline Teatine)
Matello 2015 Whistling Ridge White (Ribbon Ridge)
Westwood 2015 Annadel Gap Vineyard White (Sonoma Valley)
Mannucci Droandi 2008 Ceppeto  (Vin Santo del Chianti Classico)
Maison Bertrand Ravache 2017 L'Instant  (Bordeaux Blanc)
ChÃƒÂ¢teau Borie de Noaillan 2013  Bordeaux Blanc
Di Giovanna 2013 Gerbino Bianco White (Terre Siciliane)
ChÃƒÂ¢teau Smith Haut Lafitte 2010  Pessac-LÃƒÂ©ognan
Tegernseerhof 2008 Weissenkirchner Zwerithaler White (Wachau)
DeLorimier 2014 Two Pear Vineyard Zinfandel (Alexander Valley)
Joullian 1997 Zinfandel (Carmel Valley)
Herman Walters 2008 Family Vine Old Vine Zinfandel (Lodi)
Clos du Val 1997 Palisade Vyd Zinfandel (Stags Leap District)
Robert Biale 2012 Bedrock Vineyard Zinfandel (Sonoma Valley)
Eberle 2012 Zinfandel (Paso Robles)
Boneshaker 2015 Zinfandel (Lodi)
Fields Family 2014 Lodi Native Stampede Vineyard Zinfandel (Clements Hills)
Chacewater 2013 Made with Organically Grown Grapes Zinfandel (Sierra Foothills)
Moss Roxx 2013 Ancient Vine Reserve Zinfandel (Lodi)
Plungerhead 2013 Old Vine Zinfandel (Lodi)
Pech Merle 2013 Zinfandel (Dry Creek Valley)
Jorche 2012 Soltema  (Primitivo del Salento)
De Loach 1997 Saitone Ranch Zinfandel (Russian River Valley)
Carlisle 2014 Saitone Ranch Zinfandel (Russian River Valley)
Tres Sabores 2012 Zinfandel (Rutherford)
Bridlewood 2012 Zinfandel (Santa Ynez Valley)
Robert Biale 2014 Grande Vineyard Zinfandel (Napa Valley)
Sierra Starr 2010 Phil's Selection Zinfandel (Sierra Foothills)
Three 2016 Evangelho Zinfandel (Contra Costa County)
Markham 1999 Zinfandel (Napa Valley)
Hilt & Blade 2015 Antecedence Zinfandel (Lodi)
Zin 91 2013 Zinfandel (Lodi)
Delfino 2012 Zinfandel (Umpqua Valley)
One Hope 2013 Zinfandel (California)
